{
	"credit": "Made with Blockbench",
	"textures": {
		"0": "items/camo",
		"1": "items/glasspanetexture",
		"2": "items/rgbsheet1",
		"3": "items/qavassets1",
		"4": "items/qavlicenseplates",
		"5": "items/texturedmaterials2",
		"particle": "items/camo"
	},
	"elements": [
		{
			"from": [0, 3.5, 19.75],
			"to": [0.75, 7.25, 19.75],
			"faces": {
				"north": {"uv": [8.5, 2.5, 10, 3.5], "texture": "#0"},
				"east": {"uv": [8.5, 2.5, 10, 3.5], "texture": "#0"},
				"south": {"uv": [4, 6, 5, 7], "texture": "#2"},
				"west": {"uv": [8.5, 2.5, 10, 3.5], "texture": "#0"},
				"up": {"uv": [8.5, 2.5, 10, 3.5], "texture": "#0"},
				"down": {"uv": [8.5, 2.5, 10, 3.5], "texture": "#0"}
			}
		},
		{
			"from": [15.25, 3.5, 19.75],
			"to": [16, 7.25, 19.75],
			"faces": {
				"north": {"uv": [4, 6, 5, 7], "texture": "#2"},
				"east": {"uv": [4, 6, 5, 7], "texture": "#2"},
				"south": {"uv": [4, 6, 5, 7], "texture": "#2"},
				"west": {"uv": [4, 6, 5, 7], "texture": "#2"},
				"up": {"uv": [4, 6, 5, 7], "texture": "#2"},
				"down": {"uv": [4, 6, 5, 7], "texture": "#2"}
			}
		},
		{
			"from": [-0.01, 1, 9.75],
			"to": [0.24, 8.75, 19.25],
			"faces": {
				"north": {"uv": [0, 8, 8, 12], "texture": "#5"},
				"east": {"uv": [0, 8, 8, 12], "texture": "#5"},
				"south": {"uv": [0, 8, 8, 12], "texture": "#5"},
				"west": {"uv": [0, 8, 8, 12], "texture": "#5"},
				"up": {"uv": [0, 8, 8, 12], "texture": "#5"},
				"down": {"uv": [0, 8, 8, 12], "texture": "#5"}
			}
		},
		{
			"from": [0, 1, 19.25],
			"to": [16, 7.75, 19.74],
			"faces": {
				"north": {"uv": [0, 8, 8, 12], "texture": "#5"},
				"east": {"uv": [0, 8, 8, 12], "texture": "#5"},
				"south": {"uv": [0, 8, 8, 12], "texture": "#5"},
				"west": {"uv": [0, 8, 8, 12], "texture": "#5"},
				"up": {"uv": [0, 8, 8, 12], "texture": "#5"},
				"down": {"uv": [0, 8, 8, 12], "texture": "#5"}
			}
		},
		{
			"from": [15.75, 1, 9.75],
			"to": [16, 8.75, 19.25],
			"faces": {
				"north": {"uv": [0, 8, 8, 12], "texture": "#5"},
				"east": {"uv": [0, 8, 8, 12], "texture": "#5"},
				"south": {"uv": [0, 8, 8, 12], "texture": "#5"},
				"west": {"uv": [0, 8, 8, 12], "texture": "#5"},
				"up": {"uv": [0, 8, 8, 12], "texture": "#5"},
				"down": {"uv": [0, 8, 8, 12], "texture": "#5"}
			}
		},
		{
			"from": [-0.01, 0.25, 4.75],
			"to": [0.24, 15.25, 8],
			"faces": {
				"north": {"uv": [0, 8, 8, 12], "texture": "#5"},
				"east": {"uv": [0, 8, 8, 12], "texture": "#5"},
				"south": {"uv": [0, 8, 8, 12], "texture": "#5"},
				"west": {"uv": [0, 8, 8, 12], "texture": "#5"},
				"up": {"uv": [0, 8, 8, 12], "texture": "#5"},
				"down": {"uv": [0, 8, 8, 12], "texture": "#5"}
			}
		},
		{
			"from": [15.75, 1, 4.75],
			"to": [16, 15.25, 8],
			"faces": {
				"north": {"uv": [0, 8, 8, 12], "rotation": 180, "texture": "#5"},
				"east": {"uv": [0, 8, 8, 12], "rotation": 180, "texture": "#5"},
				"south": {"uv": [0, 8, 8, 12], "rotation": 180, "texture": "#5"},
				"west": {"uv": [0, 8, 8, 12], "rotation": 180, "texture": "#5"},
				"up": {"uv": [0, 8, 8, 12], "rotation": 180, "texture": "#5"},
				"down": {"uv": [0, 8, 8, 12], "rotation": 180, "texture": "#5"}
			}
		},
		{
			"from": [-0.01, 0.25, -5.5],
			"to": [0.24, 8.75, 4.75],
			"faces": {
				"north": {"uv": [0, 8, 8, 12], "texture": "#5"},
				"east": {"uv": [0, 8, 8, 12], "texture": "#5"},
				"south": {"uv": [0, 8, 8, 12], "texture": "#5"},
				"west": {"uv": [0, 8, 8, 12], "texture": "#5"},
				"up": {"uv": [0, 8, 8, 12], "texture": "#5"},
				"down": {"uv": [0, 8, 8, 12], "texture": "#5"}
			}
		},
		{
			"from": [15.75, 0.25, -5.5],
			"to": [16.01, 8.75, 4.75],
			"faces": {
				"north": {"uv": [0, 8, 8, 12], "texture": "#5"},
				"east": {"uv": [0, 8, 8, 12], "texture": "#5"},
				"south": {"uv": [0, 8, 8, 12], "texture": "#5"},
				"west": {"uv": [0, 8, 8, 12], "texture": "#5"},
				"up": {"uv": [0, 8, 8, 12], "texture": "#5"},
				"down": {"uv": [0, 8, 8, 12], "texture": "#5"}
			}
		},
		{
			"from": [0, 15, 4.5],
			"to": [16, 15.75, 8.5],
			"faces": {
				"north": {"uv": [0, 8, 8, 12], "texture": "#5"},
				"east": {"uv": [0, 8, 8, 12], "texture": "#5"},
				"south": {"uv": [0, 8, 8, 12], "texture": "#5"},
				"west": {"uv": [0, 8, 8, 12], "texture": "#5"},
				"up": {"uv": [0, 8, 8, 12], "texture": "#5"},
				"down": {"uv": [0, 8, 8, 12], "texture": "#5"}
			}
		},
		{
			"from": [0, 15, -2.75],
			"to": [16, 15.75, -1.25],
			"faces": {
				"north": {"uv": [0, 8, 8, 12], "texture": "#5"},
				"east": {"uv": [0, 8, 8, 12], "texture": "#5"},
				"south": {"uv": [0, 8, 8, 12], "texture": "#5"},
				"west": {"uv": [0, 8, 8, 12], "texture": "#5"},
				"up": {"uv": [0, 8, 8, 12], "texture": "#5"},
				"down": {"uv": [0, 8, 8, 12], "texture": "#5"}
			}
		},
		{
			"from": [13.99, 5.5, -4.25],
			"to": [15.99, 16, -3.75],
			"rotation": {"angle": 22.5, "axis": "x", "origin": [22, 11.5, -4]},
			"faces": {
				"north": {"uv": [0, 8, 8, 12], "rotation": 180, "texture": "#5"},
				"east": {"uv": [0, 8, 8, 12], "rotation": 180, "texture": "#5"},
				"south": {"uv": [0, 8, 8, 12], "rotation": 180, "texture": "#5"},
				"west": {"uv": [0, 8, 8, 12], "rotation": 180, "texture": "#5"},
				"up": {"uv": [0, 8, 8, 12], "rotation": 180, "texture": "#5"},
				"down": {"uv": [0, 8, 8, 12], "rotation": 180, "texture": "#5"}
			}
		},
		{
			"from": [2, 5.5, -4.25],
			"to": [14, 16, -3.75],
			"rotation": {"angle": 22.5, "axis": "x", "origin": [10, 11.5, -4]},
			"faces": {
				"north": {"uv": [0, 0, 16, 16], "rotation": 180, "texture": "#1"},
				"east": {"uv": [0, 0, 16, 16], "rotation": 180, "texture": "#1"},
				"south": {"uv": [0, 0, 16, 16], "rotation": 180, "texture": "#1"},
				"west": {"uv": [0, 0, 16, 16], "rotation": 180, "texture": "#1"},
				"up": {"uv": [0, 0, 16, 16], "rotation": 180, "texture": "#1"},
				"down": {"uv": [0, 0, 16, 16], "rotation": 180, "texture": "#1"}
			}
		},
		{
			"from": [0.01, 5.5, -4.25],
			"to": [2.01, 16, -3.74],
			"rotation": {"angle": 22.5, "axis": "x", "origin": [8, 11.5, -4]},
			"faces": {
				"north": {"uv": [0, 8, 8, 12], "rotation": 180, "texture": "#5"},
				"east": {"uv": [0, 8, 8, 12], "rotation": 180, "texture": "#5"},
				"south": {"uv": [0, 8, 8, 12], "rotation": 180, "texture": "#5"},
				"west": {"uv": [0, 8, 8, 12], "rotation": 180, "texture": "#5"},
				"up": {"uv": [0, 8, 8, 12], "rotation": 180, "texture": "#5"},
				"down": {"uv": [0, 8, 8, 12], "rotation": 180, "texture": "#5"}
			}
		},
		{
			"from": [0, 0.25, 19.5],
			"to": [15.75, 2, 19.75],
			"faces": {
				"north": {"uv": [11, 15, 12, 16], "texture": "#2"},
				"east": {"uv": [8.5, 10.5, 12, 11], "texture": "#0"},
				"south": {"uv": [11, 15, 12, 16], "texture": "#2"},
				"west": {"uv": [8.5, 10.5, 12, 11], "texture": "#0"},
				"up": {"uv": [8.5, 10.5, 12, 11], "texture": "#0"},
				"down": {"uv": [8.5, 10.5, 12, 11], "texture": "#0"}
			}
		},
		{
			"from": [0, 1, 8],
			"to": [16, 9.25, 9.75],
			"faces": {
				"north": {"uv": [0, 8, 8, 12], "texture": "#5"},
				"east": {"uv": [0, 8, 8, 12], "texture": "#5"},
				"south": {"uv": [0, 8, 8, 12], "texture": "#5"},
				"west": {"uv": [0, 8, 8, 12], "texture": "#5"},
				"up": {"uv": [0, 8, 8, 12], "texture": "#5"},
				"down": {"uv": [0, 8, 8, 12], "texture": "#5"}
			}
		},
		{
			"from": [1.75, 5.5, -6.25],
			"to": [14.25, 8, -4],
			"faces": {
				"north": {"uv": [0, 8, 8, 12], "texture": "#5"},
				"east": {"uv": [0, 8, 8, 12], "texture": "#5"},
				"south": {"uv": [0, 8, 8, 12], "texture": "#5"},
				"west": {"uv": [0, 8, 8, 12], "texture": "#5"},
				"up": {"uv": [0, 8, 8, 12], "texture": "#5"},
				"down": {"uv": [0, 8, 8, 12], "texture": "#5"}
			}
		},
		{
			"from": [5.25, 5.75, -4.75],
			"to": [9, 7.25, -3.25],
			"faces": {
				"north": {"uv": [11, 14, 13, 15], "texture": "#2"},
				"east": {"uv": [11, 14, 13, 15], "texture": "#2"},
				"south": {"uv": [11, 14, 13, 15], "texture": "#2"},
				"west": {"uv": [11, 14, 13, 15], "texture": "#2"},
				"up": {"uv": [11, 14, 13, 15], "texture": "#2"},
				"down": {"uv": [11, 14, 13, 15], "texture": "#2"}
			}
		},
		{
			"from": [1.75, 5.5, -14.25],
			"to": [14.25, 7.5, -3.75],
			"faces": {
				"north": {"uv": [0, 8, 8, 12], "texture": "#5"},
				"east": {"uv": [0, 8, 8, 12], "texture": "#5"},
				"south": {"uv": [0, 8, 8, 12], "texture": "#5"},
				"west": {"uv": [0, 8, 8, 12], "texture": "#5"},
				"up": {"uv": [0, 8, 8, 12], "texture": "#5"},
				"down": {"uv": [0, 8, 8, 12], "texture": "#5"}
			}
		},
		{
			"from": [1, 1, -15.5],
			"to": [15, 5.5, -4],
			"faces": {
				"north": {"uv": [4, 0, 16, 4], "texture": "#3"},
				"east": {"uv": [0, 8, 8, 12], "texture": "#5"},
				"south": {"uv": [0, 8, 8, 12], "texture": "#5"},
				"west": {"uv": [0, 8, 8, 12], "texture": "#5"},
				"up": {"uv": [0, 8, 8, 12], "texture": "#5"},
				"down": {"uv": [0, 8, 8, 12], "texture": "#5"}
			}
		},
		{
			"from": [6, 0, -16],
			"to": [11.5, 1, -15.9],
			"faces": {
				"north": {"uv": [0, 8, 8, 10], "texture": "#4"},
				"east": {"uv": [0, 12, 16, 16], "texture": "#0"},
				"south": {"uv": [0, 12, 16, 16], "texture": "#0"},
				"west": {"uv": [0, 12, 16, 16], "texture": "#0"},
				"up": {"uv": [0, 12, 16, 16], "texture": "#0"},
				"down": {"uv": [0, 12, 16, 16], "texture": "#0"}
			}
		},
		{
			"from": [0, 0.75, -6],
			"to": [16, 3.75, -3.75],
			"faces": {
				"north": {"uv": [0, 8, 8, 12], "texture": "#5"},
				"east": {"uv": [0, 8, 8, 12], "texture": "#5"},
				"south": {"uv": [0, 8, 8, 12], "texture": "#5"},
				"west": {"uv": [0, 8, 8, 12], "texture": "#5"},
				"up": {"uv": [0, 8, 8, 12], "texture": "#5"},
				"down": {"uv": [0, 8, 8, 12], "texture": "#5"}
			}
		},
		{
			"from": [0, 1, -15],
			"to": [16, 3.75, -12.75],
			"faces": {
				"north": {"uv": [0, 8, 8, 12], "texture": "#5"},
				"east": {"uv": [0, 8, 8, 12], "texture": "#5"},
				"south": {"uv": [0, 8, 8, 12], "texture": "#5"},
				"west": {"uv": [0, 8, 8, 12], "texture": "#5"},
				"up": {"uv": [0, 8, 8, 12], "texture": "#5"},
				"down": {"uv": [0, 8, 8, 12], "texture": "#5"}
			}
		},
		{
			"from": [0, 3.75, -15.25],
			"to": [16, 7, -5.5],
			"faces": {
				"north": {"uv": [0, 8, 8, 12], "texture": "#5"},
				"east": {"uv": [0, 8, 8, 12], "texture": "#5"},
				"south": {"uv": [0, 8, 8, 12], "texture": "#5"},
				"west": {"uv": [0, 8, 8, 12], "texture": "#5"},
				"up": {"uv": [0, 8, 8, 12], "texture": "#5"},
				"down": {"uv": [0, 8, 8, 12], "texture": "#5"}
			}
		},
		{
			"from": [0, 2.75, 9.5],
			"to": [15.9, 3.75, 19],
			"faces": {
				"north": {"uv": [4, 4, 8, 8], "texture": "#0"},
				"east": {"uv": [4, 4, 8, 8], "texture": "#0"},
				"south": {"uv": [4, 4, 8, 8], "texture": "#0"},
				"west": {"uv": [4, 4, 8, 8], "texture": "#0"},
				"up": {"uv": [0, 12, 4, 16], "texture": "#3"},
				"down": {"uv": [4, 4, 8, 8], "texture": "#0"}
			}
		},
		{
			"from": [0, 0, -15.75],
			"to": [16, 1, 19.5],
			"faces": {
				"north": {"uv": [7, 15, 8, 16], "texture": "#2"},
				"east": {"uv": [0, 8, 8, 12], "texture": "#5"},
				"south": {"uv": [0, 8, 8, 12], "texture": "#5"},
				"west": {"uv": [0, 8, 8, 12], "texture": "#5"},
				"up": {"uv": [0, 8, 8, 12], "texture": "#5"},
				"down": {"uv": [0, 8, 8, 12], "texture": "#5"}
			}
		},
		{
			"from": [8.5, 1, 0],
			"to": [15.5, 5, 6],
			"faces": {
				"north": {"uv": [0, 4, 4, 8], "texture": "#3"},
				"east": {"uv": [0, 4, 4, 8], "texture": "#3"},
				"south": {"uv": [0, 4, 4, 8], "texture": "#3"},
				"west": {"uv": [0, 4, 4, 8], "texture": "#3"},
				"up": {"uv": [0, 4, 4, 8], "texture": "#3"},
				"down": {"uv": [0, 4, 4, 8], "texture": "#3"}
			}
		},
		{
			"from": [8.5, 1, 6],
			"to": [15.5, 11, 7],
			"faces": {
				"north": {"uv": [0, 4, 4, 8], "texture": "#3"},
				"east": {"uv": [0, 4, 4, 8], "texture": "#3"},
				"south": {"uv": [0, 4, 4, 8], "texture": "#3"},
				"west": {"uv": [0, 4, 4, 8], "texture": "#3"},
				"up": {"uv": [0, 4, 4, 8], "texture": "#3"},
				"down": {"uv": [0, 4, 4, 8], "texture": "#3"}
			}
		},
		{
			"from": [0.75, 1, 0],
			"to": [7.75, 5, 6],
			"faces": {
				"north": {"uv": [0, 4, 4, 8], "texture": "#3"},
				"east": {"uv": [0, 4, 4, 8], "texture": "#3"},
				"south": {"uv": [0, 4, 4, 8], "texture": "#3"},
				"west": {"uv": [0, 4, 4, 8], "texture": "#3"},
				"up": {"uv": [0, 4, 4, 8], "texture": "#3"},
				"down": {"uv": [0, 4, 4, 8], "texture": "#3"}
			}
		},
		{
			"from": [0.75, 1, 6],
			"to": [7.75, 11, 7],
			"faces": {
				"north": {"uv": [0, 4, 4, 8], "texture": "#3"},
				"east": {"uv": [0, 4, 4, 8], "texture": "#3"},
				"south": {"uv": [0, 4, 4, 8], "texture": "#3"},
				"west": {"uv": [0, 4, 4, 8], "texture": "#3"},
				"up": {"uv": [0, 4, 4, 8], "texture": "#3"},
				"down": {"uv": [0, 4, 4, 8], "texture": "#3"}
			}
		},
		{
			"from": [2.5, 6.5, -4.5],
			"to": [3.5, 7.25, -2.5],
			"faces": {
				"north": {"uv": [12, 14, 13, 15], "texture": "#2"},
				"east": {"uv": [12, 14, 13, 15], "texture": "#2"},
				"south": {"uv": [12, 14, 13, 15], "texture": "#2"},
				"west": {"uv": [12, 14, 13, 15], "texture": "#2"},
				"up": {"uv": [12, 14, 13, 15], "texture": "#2"},
				"down": {"uv": [12, 14, 13, 15], "texture": "#2"}
			}
		},
		{
			"from": [1.75, 8.25, -2.5],
			"to": [2, 8.5, -2],
			"faces": {
				"north": {"uv": [12, 14, 13, 15], "texture": "#2"},
				"east": {"uv": [12, 14, 13, 15], "texture": "#2"},
				"south": {"uv": [12, 14, 13, 15], "texture": "#2"},
				"west": {"uv": [12, 14, 13, 15], "texture": "#2"},
				"up": {"uv": [12, 14, 13, 15], "texture": "#2"},
				"down": {"uv": [12, 14, 13, 15], "texture": "#2"}
			}
		},
		{
			"from": [1.5, 6.25, -2.5],
			"to": [1.75, 8.25, -2],
			"faces": {
				"north": {"uv": [12, 14, 13, 15], "texture": "#2"},
				"east": {"uv": [12, 14, 13, 15], "texture": "#2"},
				"south": {"uv": [12, 14, 13, 15], "texture": "#2"},
				"west": {"uv": [12, 14, 13, 15], "texture": "#2"},
				"up": {"uv": [12, 14, 13, 15], "texture": "#2"},
				"down": {"uv": [12, 14, 13, 15], "texture": "#2"}
			}
		},
		{
			"from": [2, 6.5, -2.5],
			"to": [4, 8, -2],
			"faces": {
				"north": {"uv": [12, 14, 13, 15], "texture": "#2"},
				"east": {"uv": [12, 14, 13, 15], "texture": "#2"},
				"south": {"uv": [12, 14, 13, 15], "texture": "#2"},
				"west": {"uv": [12, 14, 13, 15], "texture": "#2"},
				"up": {"uv": [12, 14, 13, 15], "texture": "#2"},
				"down": {"uv": [12, 14, 13, 15], "texture": "#2"}
			}
		},
		{
			"from": [2, 5.75, -2.5],
			"to": [4, 6, -2],
			"faces": {
				"north": {"uv": [12, 14, 13, 15], "texture": "#2"},
				"east": {"uv": [12, 14, 13, 15], "texture": "#2"},
				"south": {"uv": [12, 14, 13, 15], "texture": "#2"},
				"west": {"uv": [12, 14, 13, 15], "texture": "#2"},
				"up": {"uv": [12, 14, 13, 15], "texture": "#2"},
				"down": {"uv": [12, 14, 13, 15], "texture": "#2"}
			}
		},
		{
			"from": [1.75, 6, -2.5],
			"to": [2, 6.25, -2],
			"faces": {
				"north": {"uv": [12, 14, 13, 15], "texture": "#2"},
				"east": {"uv": [12, 14, 13, 15], "texture": "#2"},
				"south": {"uv": [12, 14, 13, 15], "texture": "#2"},
				"west": {"uv": [12, 14, 13, 15], "texture": "#2"},
				"up": {"uv": [12, 14, 13, 15], "texture": "#2"},
				"down": {"uv": [12, 14, 13, 15], "texture": "#2"}
			}
		},
		{
			"from": [4, 6, -2.5],
			"to": [4.25, 6.25, -2],
			"faces": {
				"north": {"uv": [12, 14, 13, 15], "texture": "#2"},
				"east": {"uv": [12, 14, 13, 15], "texture": "#2"},
				"south": {"uv": [12, 14, 13, 15], "texture": "#2"},
				"west": {"uv": [12, 14, 13, 15], "texture": "#2"},
				"up": {"uv": [12, 14, 13, 15], "texture": "#2"},
				"down": {"uv": [12, 14, 13, 15], "texture": "#2"}
			}
		},
		{
			"from": [4.25, 6.25, -2.5],
			"to": [4.5, 8.25, -2],
			"faces": {
				"north": {"uv": [12, 14, 13, 15], "texture": "#2"},
				"east": {"uv": [12, 14, 13, 15], "texture": "#2"},
				"south": {"uv": [12, 14, 13, 15], "texture": "#2"},
				"west": {"uv": [12, 14, 13, 15], "texture": "#2"},
				"up": {"uv": [12, 14, 13, 15], "texture": "#2"},
				"down": {"uv": [12, 14, 13, 15], "texture": "#2"}
			}
		},
		{
			"from": [4, 8.25, -2.5],
			"to": [4.25, 8.5, -2],
			"faces": {
				"north": {"uv": [12, 14, 13, 15], "texture": "#2"},
				"east": {"uv": [12, 14, 13, 15], "texture": "#2"},
				"south": {"uv": [12, 14, 13, 15], "texture": "#2"},
				"west": {"uv": [12, 14, 13, 15], "texture": "#2"},
				"up": {"uv": [12, 14, 13, 15], "texture": "#2"},
				"down": {"uv": [12, 14, 13, 15], "texture": "#2"}
			}
		},
		{
			"from": [2, 8.5, -2.5],
			"to": [4, 8.75, -2],
			"faces": {
				"north": {"uv": [12, 14, 13, 15], "texture": "#2"},
				"east": {"uv": [12, 14, 13, 15], "texture": "#2"},
				"south": {"uv": [12, 14, 13, 15], "texture": "#2"},
				"west": {"uv": [12, 14, 13, 15], "texture": "#2"},
				"up": {"uv": [12, 14, 13, 15], "texture": "#2"},
				"down": {"uv": [12, 14, 13, 15], "texture": "#2"}
			}
		},
		{
			"from": [0, 8.5, 9.75],
			"to": [0.25, 16, 10.25],
			"rotation": {"angle": -22.5, "axis": "x", "origin": [8, 11.5, 10]},
			"faces": {
				"north": {"uv": [0, 8, 8, 12], "rotation": 90, "texture": "#5"},
				"east": {"uv": [0, 8, 8, 12], "rotation": 90, "texture": "#5"},
				"south": {"uv": [0, 8, 8, 12], "rotation": 90, "texture": "#5"},
				"west": {"uv": [0, 8, 8, 12], "rotation": 90, "texture": "#5"},
				"up": {"uv": [0, 8, 8, 12], "rotation": 90, "texture": "#5"},
				"down": {"uv": [0, 8, 8, 12], "rotation": 90, "texture": "#5"}
			}
		},
		{
			"from": [15.5, 8.5, 9.75],
			"to": [16, 16, 10.25],
			"rotation": {"angle": -22.5, "axis": "x", "origin": [22, 11.5, 10]},
			"faces": {
				"north": {"uv": [0, 8, 8, 12], "rotation": 90, "texture": "#5"},
				"east": {"uv": [0, 8, 8, 12], "rotation": 90, "texture": "#5"},
				"south": {"uv": [0, 8, 8, 12], "rotation": 90, "texture": "#5"},
				"west": {"uv": [0, 8, 8, 12], "rotation": 90, "texture": "#5"},
				"up": {"uv": [0, 8, 8, 12], "rotation": 90, "texture": "#5"},
				"down": {"uv": [0, 8, 8, 12], "rotation": 90, "texture": "#5"}
			}
		},
		{
			"from": [13.25, -3.75, 13.25],
			"to": [16.75, 3.25, 14.5],
			"faces": {
				"north": {"uv": [0, 12, 4, 16], "rotation": 180, "texture": "#3"},
				"east": {"uv": [0, 9, 4, 11], "rotation": 90, "texture": "#3"},
				"south": {"uv": [0, 12, 4, 16], "texture": "#3"},
				"west": {"uv": [0, 9, 4, 11], "rotation": 270, "texture": "#3"},
				"up": {"uv": [0, 12, 4, 16], "texture": "#3"},
				"down": {"uv": [0, 12, 4, 16], "rotation": 180, "texture": "#3"}
			}
		},
		{
			"from": [13.25, -0.875, 10.375],
			"to": [16.75, 0.375, 17.375],
			"faces": {
				"north": {"uv": [0, 12, 4, 16], "texture": "#3"},
				"east": {"uv": [0, 9, 4, 11], "texture": "#3"},
				"south": {"uv": [0, 12, 4, 16], "texture": "#3"},
				"west": {"uv": [0, 9, 4, 11], "texture": "#3"},
				"up": {"uv": [0, 12, 4, 16], "texture": "#3"},
				"down": {"uv": [0, 12, 4, 16], "texture": "#3"}
			}
		},
		{
			"from": [13.25, -3.75, 13.25],
			"to": [16.75, 3.25, 14.5],
			"rotation": {"angle": 45, "axis": "x", "origin": [15, -0.25, 13.875]},
			"faces": {
				"north": {"uv": [0, 12, 4, 16], "rotation": 180, "texture": "#3"},
				"east": {"uv": [0, 9, 4, 11], "rotation": 90, "texture": "#3"},
				"south": {"uv": [0, 12, 4, 16], "texture": "#3"},
				"west": {"uv": [0, 9, 4, 11], "rotation": 270, "texture": "#3"},
				"up": {"uv": [0, 12, 4, 16], "texture": "#3"},
				"down": {"uv": [0, 12, 4, 16], "rotation": 180, "texture": "#3"}
			}
		},
		{
			"from": [13.25, -3.75, 13.25],
			"to": [16.75, 3.25, 14.5],
			"rotation": {"angle": -45, "axis": "x", "origin": [15, -0.25, 13.875]},
			"faces": {
				"north": {"uv": [0, 12, 4, 16], "rotation": 180, "texture": "#3"},
				"east": {"uv": [0, 9, 4, 11], "rotation": 270, "texture": "#3"},
				"south": {"uv": [0, 12, 4, 16], "texture": "#3"},
				"west": {"uv": [0, 9, 4, 11], "rotation": 90, "texture": "#3"},
				"up": {"uv": [0, 12, 4, 16], "rotation": 180, "texture": "#3"},
				"down": {"uv": [0, 12, 4, 16], "texture": "#3"}
			}
		},
		{
			"from": [13.25, -3.75, 13.25],
			"to": [16.75, 3.25, 14.5],
			"rotation": {"angle": 22.5, "axis": "x", "origin": [15, -0.25, 13.875]},
			"faces": {
				"north": {"uv": [0, 12, 4, 16], "rotation": 180, "texture": "#3"},
				"east": {"uv": [0, 9, 4, 11], "rotation": 90, "texture": "#3"},
				"south": {"uv": [0, 12, 4, 16], "texture": "#3"},
				"west": {"uv": [0, 9, 4, 11], "rotation": 270, "texture": "#3"},
				"up": {"uv": [0, 12, 4, 16], "texture": "#3"},
				"down": {"uv": [0, 12, 4, 16], "rotation": 180, "texture": "#3"}
			}
		},
		{
			"from": [13.25, -0.875, 10.375],
			"to": [16.75, 0.375, 17.375],
			"rotation": {"angle": 22.5, "axis": "x", "origin": [15, -0.25, 13.875]},
			"faces": {
				"north": {"uv": [0, 12, 4, 16], "texture": "#3"},
				"east": {"uv": [0, 9, 4, 11], "texture": "#3"},
				"south": {"uv": [0, 12, 4, 16], "texture": "#3"},
				"west": {"uv": [0, 9, 4, 11], "texture": "#3"},
				"up": {"uv": [0, 12, 4, 16], "texture": "#3"},
				"down": {"uv": [0, 12, 4, 16], "texture": "#3"}
			}
		},
		{
			"from": [13.25, -0.875, 10.375],
			"to": [16.75, 0.375, 17.375],
			"rotation": {"angle": -22.5, "axis": "x", "origin": [15, -0.25, 13.875]},
			"faces": {
				"north": {"uv": [0, 12, 4, 16], "texture": "#3"},
				"east": {"uv": [0, 9, 4, 11], "texture": "#3"},
				"south": {"uv": [0, 12, 4, 16], "texture": "#3"},
				"west": {"uv": [0, 9, 4, 11], "texture": "#3"},
				"up": {"uv": [0, 12, 4, 16], "texture": "#3"},
				"down": {"uv": [0, 12, 4, 16], "texture": "#3"}
			}
		},
		{
			"from": [13.25, -3.75, 13.25],
			"to": [16.75, 3.25, 14.5],
			"rotation": {"angle": -22.5, "axis": "x", "origin": [15, -0.25, 13.875]},
			"faces": {
				"north": {"uv": [0, 12, 4, 16], "rotation": 180, "texture": "#3"},
				"east": {"uv": [0, 9, 4, 11], "rotation": 270, "texture": "#3"},
				"south": {"uv": [0, 12, 4, 16], "texture": "#3"},
				"west": {"uv": [0, 9, 4, 11], "rotation": 90, "texture": "#3"},
				"up": {"uv": [0, 12, 4, 16], "rotation": 180, "texture": "#3"},
				"down": {"uv": [0, 12, 4, 16], "texture": "#3"}
			}
		},
		{
			"from": [13.25, -3.75, -10.75],
			"to": [16.75, 3.25, -9.5],
			"faces": {
				"north": {"uv": [0, 12, 4, 16], "rotation": 180, "texture": "#3"},
				"east": {"uv": [0, 9, 4, 11], "rotation": 90, "texture": "#3"},
				"south": {"uv": [0, 12, 4, 16], "texture": "#3"},
				"west": {"uv": [0, 9, 4, 11], "rotation": 270, "texture": "#3"},
				"up": {"uv": [0, 12, 4, 16], "texture": "#3"},
				"down": {"uv": [0, 12, 4, 16], "rotation": 180, "texture": "#3"}
			}
		},
		{
			"from": [13.25, -0.875, -13.625],
			"to": [16.75, 0.375, -6.625],
			"faces": {
				"north": {"uv": [0, 12, 4, 16], "texture": "#3"},
				"east": {"uv": [0, 9, 4, 11], "texture": "#3"},
				"south": {"uv": [0, 12, 4, 16], "texture": "#3"},
				"west": {"uv": [0, 9, 4, 11], "texture": "#3"},
				"up": {"uv": [0, 12, 4, 16], "texture": "#3"},
				"down": {"uv": [0, 12, 4, 16], "texture": "#3"}
			}
		},
		{
			"from": [13.25, -3.75, -10.75],
			"to": [16.75, 3.25, -9.5],
			"rotation": {"angle": 45, "axis": "x", "origin": [15, -0.25, -10.125]},
			"faces": {
				"north": {"uv": [0, 12, 4, 16], "rotation": 180, "texture": "#3"},
				"east": {"uv": [0, 9, 4, 11], "rotation": 90, "texture": "#3"},
				"south": {"uv": [0, 12, 4, 16], "texture": "#3"},
				"west": {"uv": [0, 9, 4, 11], "rotation": 270, "texture": "#3"},
				"up": {"uv": [0, 12, 4, 16], "texture": "#3"},
				"down": {"uv": [0, 12, 4, 16], "rotation": 180, "texture": "#3"}
			}
		},
		{
			"from": [13.25, -3.75, -10.75],
			"to": [16.75, 3.25, -9.5],
			"rotation": {"angle": -45, "axis": "x", "origin": [15, -0.25, -10.125]},
			"faces": {
				"north": {"uv": [0, 12, 4, 16], "rotation": 180, "texture": "#3"},
				"east": {"uv": [0, 9, 4, 11], "rotation": 270, "texture": "#3"},
				"south": {"uv": [0, 12, 4, 16], "texture": "#3"},
				"west": {"uv": [0, 9, 4, 11], "rotation": 90, "texture": "#3"},
				"up": {"uv": [0, 12, 4, 16], "rotation": 180, "texture": "#3"},
				"down": {"uv": [0, 12, 4, 16], "texture": "#3"}
			}
		},
		{
			"from": [13.25, -3.75, -10.75],
			"to": [16.75, 3.25, -9.5],
			"rotation": {"angle": 22.5, "axis": "x", "origin": [15, -0.25, -10.125]},
			"faces": {
				"north": {"uv": [0, 12, 4, 16], "rotation": 180, "texture": "#3"},
				"east": {"uv": [0, 9, 4, 11], "rotation": 90, "texture": "#3"},
				"south": {"uv": [0, 12, 4, 16], "texture": "#3"},
				"west": {"uv": [0, 9, 4, 11], "rotation": 270, "texture": "#3"},
				"up": {"uv": [0, 12, 4, 16], "texture": "#3"},
				"down": {"uv": [0, 12, 4, 16], "rotation": 180, "texture": "#3"}
			}
		},
		{
			"from": [13.25, -0.875, -13.625],
			"to": [16.75, 0.375, -6.625],
			"rotation": {"angle": 22.5, "axis": "x", "origin": [15, -0.25, -10.125]},
			"faces": {
				"north": {"uv": [0, 12, 4, 16], "texture": "#3"},
				"east": {"uv": [0, 9, 4, 11], "texture": "#3"},
				"south": {"uv": [0, 12, 4, 16], "texture": "#3"},
				"west": {"uv": [0, 9, 4, 11], "texture": "#3"},
				"up": {"uv": [0, 12, 4, 16], "texture": "#3"},
				"down": {"uv": [0, 12, 4, 16], "texture": "#3"}
			}
		},
		{
			"from": [13.25, -0.875, -13.625],
			"to": [16.75, 0.375, -6.625],
			"rotation": {"angle": -22.5, "axis": "x", "origin": [15, -0.25, -10.125]},
			"faces": {
				"north": {"uv": [0, 12, 4, 16], "texture": "#3"},
				"east": {"uv": [0, 9, 4, 11], "texture": "#3"},
				"south": {"uv": [0, 12, 4, 16], "texture": "#3"},
				"west": {"uv": [0, 9, 4, 11], "texture": "#3"},
				"up": {"uv": [0, 12, 4, 16], "texture": "#3"},
				"down": {"uv": [0, 12, 4, 16], "texture": "#3"}
			}
		},
		{
			"from": [13.25, -3.75, -10.75],
			"to": [16.75, 3.25, -9.5],
			"rotation": {"angle": -22.5, "axis": "x", "origin": [15, -0.25, -10.125]},
			"faces": {
				"north": {"uv": [0, 12, 4, 16], "rotation": 180, "texture": "#3"},
				"east": {"uv": [0, 9, 4, 11], "rotation": 270, "texture": "#3"},
				"south": {"uv": [0, 12, 4, 16], "texture": "#3"},
				"west": {"uv": [0, 9, 4, 11], "rotation": 90, "texture": "#3"},
				"up": {"uv": [0, 12, 4, 16], "rotation": 180, "texture": "#3"},
				"down": {"uv": [0, 12, 4, 16], "texture": "#3"}
			}
		},
		{
			"from": [-0.75, -3.75, -10.75],
			"to": [2.75, 3.25, -9.5],
			"faces": {
				"north": {"uv": [0, 12, 4, 16], "rotation": 180, "texture": "#3"},
				"east": {"uv": [0, 9, 4, 11], "rotation": 90, "texture": "#3"},
				"south": {"uv": [0, 12, 4, 16], "texture": "#3"},
				"west": {"uv": [0, 9, 4, 11], "rotation": 270, "texture": "#3"},
				"up": {"uv": [0, 12, 4, 16], "texture": "#3"},
				"down": {"uv": [0, 12, 4, 16], "rotation": 180, "texture": "#3"}
			}
		},
		{
			"from": [-0.75, -0.875, -13.625],
			"to": [2.75, 0.375, -6.625],
			"faces": {
				"north": {"uv": [0, 12, 4, 16], "texture": "#3"},
				"east": {"uv": [0, 9, 4, 11], "texture": "#3"},
				"south": {"uv": [0, 12, 4, 16], "texture": "#3"},
				"west": {"uv": [0, 9, 4, 11], "texture": "#3"},
				"up": {"uv": [0, 12, 4, 16], "texture": "#3"},
				"down": {"uv": [0, 12, 4, 16], "texture": "#3"}
			}
		},
		{
			"from": [-0.75, -3.75, -10.75],
			"to": [2.75, 3.25, -9.5],
			"rotation": {"angle": 45, "axis": "x", "origin": [1, -0.25, -10.125]},
			"faces": {
				"north": {"uv": [0, 12, 4, 16], "rotation": 180, "texture": "#3"},
				"east": {"uv": [0, 9, 4, 11], "rotation": 90, "texture": "#3"},
				"south": {"uv": [0, 12, 4, 16], "texture": "#3"},
				"west": {"uv": [0, 9, 4, 11], "rotation": 270, "texture": "#3"},
				"up": {"uv": [0, 12, 4, 16], "texture": "#3"},
				"down": {"uv": [0, 12, 4, 16], "rotation": 180, "texture": "#3"}
			}
		},
		{
			"from": [-0.75, -3.75, -10.75],
			"to": [2.75, 3.25, -9.5],
			"rotation": {"angle": -45, "axis": "x", "origin": [1, -0.25, -10.125]},
			"faces": {
				"north": {"uv": [0, 12, 4, 16], "rotation": 180, "texture": "#3"},
				"east": {"uv": [0, 9, 4, 11], "rotation": 270, "texture": "#3"},
				"south": {"uv": [0, 12, 4, 16], "texture": "#3"},
				"west": {"uv": [0, 9, 4, 11], "rotation": 90, "texture": "#3"},
				"up": {"uv": [0, 12, 4, 16], "rotation": 180, "texture": "#3"},
				"down": {"uv": [0, 12, 4, 16], "texture": "#3"}
			}
		},
		{
			"from": [-0.75, -3.75, -10.75],
			"to": [2.75, 3.25, -9.5],
			"rotation": {"angle": 22.5, "axis": "x", "origin": [1, -0.25, -10.125]},
			"faces": {
				"north": {"uv": [0, 12, 4, 16], "rotation": 180, "texture": "#3"},
				"east": {"uv": [0, 9, 4, 11], "rotation": 90, "texture": "#3"},
				"south": {"uv": [0, 12, 4, 16], "texture": "#3"},
				"west": {"uv": [0, 9, 4, 11], "rotation": 270, "texture": "#3"},
				"up": {"uv": [0, 12, 4, 16], "texture": "#3"},
				"down": {"uv": [0, 12, 4, 16], "rotation": 180, "texture": "#3"}
			}
		},
		{
			"from": [-0.75, -0.875, -13.625],
			"to": [2.75, 0.375, -6.625],
			"rotation": {"angle": 22.5, "axis": "x", "origin": [1, -0.25, -10.125]},
			"faces": {
				"north": {"uv": [0, 12, 4, 16], "texture": "#3"},
				"east": {"uv": [0, 9, 4, 11], "texture": "#3"},
				"south": {"uv": [0, 12, 4, 16], "texture": "#3"},
				"west": {"uv": [0, 9, 4, 11], "texture": "#3"},
				"up": {"uv": [0, 12, 4, 16], "texture": "#3"},
				"down": {"uv": [0, 12, 4, 16], "texture": "#3"}
			}
		},
		{
			"from": [-0.75, -0.875, -13.625],
			"to": [2.75, 0.375, -6.625],
			"rotation": {"angle": -22.5, "axis": "x", "origin": [1, -0.25, -10.125]},
			"faces": {
				"north": {"uv": [0, 12, 4, 16], "texture": "#3"},
				"east": {"uv": [0, 9, 4, 11], "texture": "#3"},
				"south": {"uv": [0, 12, 4, 16], "texture": "#3"},
				"west": {"uv": [0, 9, 4, 11], "texture": "#3"},
				"up": {"uv": [0, 12, 4, 16], "texture": "#3"},
				"down": {"uv": [0, 12, 4, 16], "texture": "#3"}
			}
		},
		{
			"from": [-0.75, -3.75, -10.75],
			"to": [2.75, 3.25, -9.5],
			"rotation": {"angle": -22.5, "axis": "x", "origin": [1, -0.25, -10.125]},
			"faces": {
				"north": {"uv": [0, 12, 4, 16], "rotation": 180, "texture": "#3"},
				"east": {"uv": [0, 9, 4, 11], "rotation": 270, "texture": "#3"},
				"south": {"uv": [0, 12, 4, 16], "texture": "#3"},
				"west": {"uv": [0, 9, 4, 11], "rotation": 90, "texture": "#3"},
				"up": {"uv": [0, 12, 4, 16], "rotation": 180, "texture": "#3"},
				"down": {"uv": [0, 12, 4, 16], "texture": "#3"}
			}
		},
		{
			"from": [-0.75, -3.75, 13.25],
			"to": [2.75, 3.25, 14.5],
			"faces": {
				"north": {"uv": [0, 12, 4, 16], "rotation": 180, "texture": "#3"},
				"east": {"uv": [0, 9, 4, 11], "rotation": 90, "texture": "#3"},
				"south": {"uv": [0, 12, 4, 16], "texture": "#3"},
				"west": {"uv": [0, 9, 4, 11], "rotation": 270, "texture": "#3"},
				"up": {"uv": [0, 12, 4, 16], "texture": "#3"},
				"down": {"uv": [0, 12, 4, 16], "rotation": 180, "texture": "#3"}
			}
		},
		{
			"from": [-0.75, -0.875, 10.375],
			"to": [2.75, 0.375, 17.375],
			"faces": {
				"north": {"uv": [0, 12, 4, 16], "texture": "#3"},
				"east": {"uv": [0, 9, 4, 11], "texture": "#3"},
				"south": {"uv": [0, 12, 4, 16], "texture": "#3"},
				"west": {"uv": [0, 9, 4, 11], "texture": "#3"},
				"up": {"uv": [0, 12, 4, 16], "texture": "#3"},
				"down": {"uv": [0, 12, 4, 16], "texture": "#3"}
			}
		},
		{
			"from": [-0.75, -3.75, 13.25],
			"to": [2.75, 3.25, 14.5],
			"rotation": {"angle": 45, "axis": "x", "origin": [1, -0.25, 13.875]},
			"faces": {
				"north": {"uv": [0, 12, 4, 16], "rotation": 180, "texture": "#3"},
				"east": {"uv": [0, 9, 4, 11], "rotation": 90, "texture": "#3"},
				"south": {"uv": [0, 12, 4, 16], "texture": "#3"},
				"west": {"uv": [0, 9, 4, 11], "rotation": 270, "texture": "#3"},
				"up": {"uv": [0, 12, 4, 16], "texture": "#3"},
				"down": {"uv": [0, 12, 4, 16], "rotation": 180, "texture": "#3"}
			}
		},
		{
			"from": [-0.75, -3.75, 13.25],
			"to": [2.75, 3.25, 14.5],
			"rotation": {"angle": -45, "axis": "x", "origin": [1, -0.25, 13.875]},
			"faces": {
				"north": {"uv": [0, 12, 4, 16], "rotation": 180, "texture": "#3"},
				"east": {"uv": [0, 9, 4, 11], "rotation": 270, "texture": "#3"},
				"south": {"uv": [0, 12, 4, 16], "texture": "#3"},
				"west": {"uv": [0, 9, 4, 11], "rotation": 90, "texture": "#3"},
				"up": {"uv": [0, 12, 4, 16], "rotation": 180, "texture": "#3"},
				"down": {"uv": [0, 12, 4, 16], "texture": "#3"}
			}
		},
		{
			"from": [-0.75, -3.75, 13.25],
			"to": [2.75, 3.25, 14.5],
			"rotation": {"angle": 22.5, "axis": "x", "origin": [1, -0.25, 13.875]},
			"faces": {
				"north": {"uv": [0, 12, 4, 16], "rotation": 180, "texture": "#3"},
				"east": {"uv": [0, 9, 4, 11], "rotation": 90, "texture": "#3"},
				"south": {"uv": [0, 12, 4, 16], "texture": "#3"},
				"west": {"uv": [0, 9, 4, 11], "rotation": 270, "texture": "#3"},
				"up": {"uv": [0, 12, 4, 16], "texture": "#3"},
				"down": {"uv": [0, 12, 4, 16], "rotation": 180, "texture": "#3"}
			}
		},
		{
			"from": [-0.75, -0.875, 10.375],
			"to": [2.75, 0.375, 17.375],
			"rotation": {"angle": 22.5, "axis": "x", "origin": [1, -0.25, 13.875]},
			"faces": {
				"north": {"uv": [0, 12, 4, 16], "texture": "#3"},
				"east": {"uv": [0, 9, 4, 11], "texture": "#3"},
				"south": {"uv": [0, 12, 4, 16], "texture": "#3"},
				"west": {"uv": [0, 9, 4, 11], "texture": "#3"},
				"up": {"uv": [0, 12, 4, 16], "texture": "#3"},
				"down": {"uv": [0, 12, 4, 16], "texture": "#3"}
			}
		},
		{
			"from": [-0.75, -0.875, 10.375],
			"to": [2.75, 0.375, 17.375],
			"rotation": {"angle": -22.5, "axis": "x", "origin": [1, -0.25, 13.875]},
			"faces": {
				"north": {"uv": [0, 12, 4, 16], "texture": "#3"},
				"east": {"uv": [0, 9, 4, 11], "texture": "#3"},
				"south": {"uv": [0, 12, 4, 16], "texture": "#3"},
				"west": {"uv": [0, 9, 4, 11], "texture": "#3"},
				"up": {"uv": [0, 12, 4, 16], "texture": "#3"},
				"down": {"uv": [0, 12, 4, 16], "texture": "#3"}
			}
		},
		{
			"from": [-0.75, -3.75, 13.25],
			"to": [2.75, 3.25, 14.5],
			"rotation": {"angle": -22.5, "axis": "x", "origin": [1, -0.25, 13.875]},
			"faces": {
				"north": {"uv": [0, 12, 4, 16], "rotation": 180, "texture": "#3"},
				"east": {"uv": [0, 9, 4, 11], "rotation": 270, "texture": "#3"},
				"south": {"uv": [0, 12, 4, 16], "texture": "#3"},
				"west": {"uv": [0, 9, 4, 11], "rotation": 90, "texture": "#3"},
				"up": {"uv": [0, 12, 4, 16], "rotation": 180, "texture": "#3"},
				"down": {"uv": [0, 12, 4, 16], "texture": "#3"}
			}
		}
	],
	"display": {
		"gui": {
			"rotation": [25, 51, 0],
			"translation": [1.5, 0, 0],
			"scale": [0.4, 0.4, 0.4]
		},
		"head": {
			"translation": [15.5, 14, 19],
			"scale": [4, 4, 4]
		}
	},
	"groups": [0, 1, 2, 3, 4, 5, 6, 7, 8, 9, 10, 11, 12, 13, 14, 15, 16, 17, 18, 19, 20, 21, 22, 23, 24, 25,
		{
			"name": "chair",
			"origin": [8, 8, 8],
			"children": [26, 27]
		},
		{
			"name": "chair",
			"origin": [8, 8, 8],
			"children": [28, 29]
		},
		{
			"name": "steeringwheel",
			"origin": [8, 8, 8],
			"children": [30, 31, 32, 33, 34, 35, 36, 37, 38, 39]
		}, 40, 41,
		{
			"name": "group",
			"origin": [8, 8, 8],
			"children": [42, 43, 44, 45, 46, 47, 48, 49]
		},
		{
			"name": "group",
			"origin": [8, 8, 8],
			"children": [50, 51, 52, 53, 54, 55, 56, 57]
		},
		{
			"name": "group",
			"origin": [8, 8, 8],
			"children": [58, 59, 60, 61, 62, 63, 64, 65]
		},
		{
			"name": "group",
			"origin": [8, 8, 8],
			"children": [66, 67, 68, 69, 70, 71, 72, 73]
		}
	]
}